{"branches": 66.66666666666666, "coverage": 94.36936936936937}