{"branches": 79.16666666666666, "coverage": 93.81044487427465}