{"branches": 66.66666666666666, "coverage": 95.87378640776699}