{"branches": 66.66666666666666, "coverage": 94.85861182519281}