{"branches": 66.66666666666666, "coverage": 93.95770392749245}