{"branches": 66.66666666666666, "coverage": 95.65217391304348}